filename,class
Solar Panel_0.png,Solar Panel
Solar Panel_1.png,Solar Panel
Body_2.png,Body
Solar Panel_3.png,Solar Panel
Solar Panel_4.png,Solar Panel
Body_5.png,Body
Solar Panel_6.png,Solar Panel
Solar Panel_7.png,Solar Panel
Body_8.png,Body
Solar Panel_9.png,Solar Panel
Solar Panel_10.png,Solar Panel
Body_11.png,Body
Solar Panel_12.png,Solar Panel
Solar Panel_13.png,Solar Panel
Body_14.png,Body
Solar Panel_15.png,Solar Panel
Solar Panel_16.png,Solar Panel
Body_17.png,Body
Solar Panel_18.png,Solar Panel
Solar Panel_19.png,Solar Panel
Body_20.png,Body
Solar Panel_21.png,Solar Panel
Solar Panel_22.png,Solar Panel
Body_23.png,Body
Solar Panel_24.png,Solar Panel
Solar Panel_25.png,Solar Panel
Body_26.png,Body
Solar Panel_27.png,Solar Panel
Solar Panel_28.png,Solar Panel
Body_29.png,Body
Solar Panel_30.png,Solar Panel
Solar Panel_31.png,Solar Panel
Body_32.png,Body
Solar Panel_33.png,Solar Panel
Solar Panel_34.png,Solar Panel
Body_35.png,Body
Solar Panel_36.png,Solar Panel
Solar Panel_37.png,Solar Panel
Body_38.png,Body
Solar Panel_39.png,Solar Panel
Solar Panel_40.png,Solar Panel
Body_41.png,Body
Solar Panel_42.png,Solar Panel
Solar Panel_43.png,Solar Panel
Body_44.png,Body
Solar Panel_45.png,Solar Panel
Solar Panel_46.png,Solar Panel
Body_47.png,Body
Solar Panel_48.png,Solar Panel
Solar Panel_49.png,Solar Panel
Body_50.png,Body
Solar Panel_51.png,Solar Panel
Solar Panel_52.png,Solar Panel
Body_53.png,Body
Solar Panel_54.png,Solar Panel
Solar Panel_55.png,Solar Panel
Body_56.png,Body
Solar Panel_57.png,Solar Panel
Solar Panel_58.png,Solar Panel
Body_59.png,Body
Solar Panel_60.png,Solar Panel
Solar Panel_61.png,Solar Panel
Body_62.png,Body
Solar Panel_63.png,Solar Panel
Solar Panel_64.png,Solar Panel
Body_65.png,Body
Solar Panel_66.png,Solar Panel
Solar Panel_67.png,Solar Panel
Body_68.png,Body
Solar Panel_69.png,Solar Panel
Solar Panel_70.png,Solar Panel
Body_71.png,Body
Solar Panel_72.png,Solar Panel
Solar Panel_73.png,Solar Panel
Body_74.png,Body
Solar Panel_75.png,Solar Panel
Solar Panel_76.png,Solar Panel
Body_77.png,Body
Solar Panel_78.png,Solar Panel
Solar Panel_79.png,Solar Panel
Body_80.png,Body
Solar Panel_81.png,Solar Panel
Solar Panel_82.png,Solar Panel
Body_83.png,Body
Solar Panel_84.png,Solar Panel
Solar Panel_85.png,Solar Panel
Body_86.png,Body
Solar Panel_87.png,Solar Panel
Solar Panel_88.png,Solar Panel
Body_89.png,Body
Solar Panel_90.png,Solar Panel
Solar Panel_91.png,Solar Panel
Body_92.png,Body
Solar Panel_93.png,Solar Panel
Solar Panel_94.png,Solar Panel
Body_95.png,Body
Solar Panel_96.png,Solar Panel
Solar Panel_97.png,Solar Panel
Body_98.png,Body
Solar Panel_99.png,Solar Panel
Solar Panel_100.png,Solar Panel
Body_101.png,Body
Solar Panel_102.png,Solar Panel
Solar Panel_103.png,Solar Panel
Body_104.png,Body
Solar Panel_105.png,Solar Panel
Solar Panel_106.png,Solar Panel
Body_107.png,Body
Solar Panel_108.png,Solar Panel
Solar Panel_109.png,Solar Panel
Body_110.png,Body
Solar Panel_111.png,Solar Panel
Solar Panel_112.png,Solar Panel
Body_113.png,Body
Solar Panel_114.png,Solar Panel
Solar Panel_115.png,Solar Panel
Body_116.png,Body
Solar Panel_117.png,Solar Panel
Solar Panel_118.png,Solar Panel
Body_119.png,Body
Solar Panel_120.png,Solar Panel
Solar Panel_121.png,Solar Panel
Body_122.png,Body
Solar Panel_123.png,Solar Panel
Solar Panel_124.png,Solar Panel
Body_125.png,Body
Solar Panel_126.png,Solar Panel
Solar Panel_127.png,Solar Panel
Body_128.png,Body
Solar Panel_129.png,Solar Panel
Solar Panel_130.png,Solar Panel
Body_131.png,Body
Solar Panel_132.png,Solar Panel
Solar Panel_133.png,Solar Panel
Body_134.png,Body
Solar Panel_135.png,Solar Panel
Solar Panel_136.png,Solar Panel
Body_137.png,Body
Solar Panel_138.png,Solar Panel
Solar Panel_139.png,Solar Panel
Body_140.png,Body
Solar Panel_141.png,Solar Panel
Solar Panel_142.png,Solar Panel
Body_143.png,Body
Solar Panel_144.png,Solar Panel
Solar Panel_145.png,Solar Panel
Body_146.png,Body
Solar Panel_147.png,Solar Panel
Solar Panel_148.png,Solar Panel
Body_149.png,Body
Solar Panel_150.png,Solar Panel
Solar Panel_151.png,Solar Panel
Body_152.png,Body
Solar Panel_153.png,Solar Panel
Solar Panel_154.png,Solar Panel
Body_155.png,Body
Solar Panel_156.png,Solar Panel
Solar Panel_157.png,Solar Panel
Body_158.png,Body
Solar Panel_159.png,Solar Panel
Solar Panel_160.png,Solar Panel
Body_161.png,Body
Solar Panel_162.png,Solar Panel
Solar Panel_163.png,Solar Panel
Body_164.png,Body
Solar Panel_165.png,Solar Panel
Solar Panel_166.png,Solar Panel
Body_167.png,Body
Solar Panel_168.png,Solar Panel
Solar Panel_169.png,Solar Panel
Body_170.png,Body
Solar Panel_171.png,Solar Panel
Solar Panel_172.png,Solar Panel
Body_173.png,Body
Solar Panel_174.png,Solar Panel
Solar Panel_175.png,Solar Panel
Body_176.png,Body
Solar Panel_177.png,Solar Panel
Solar Panel_178.png,Solar Panel
Body_179.png,Body
Solar Panel_180.png,Solar Panel
Solar Panel_181.png,Solar Panel
Body_182.png,Body
Solar Panel_183.png,Solar Panel
Solar Panel_184.png,Solar Panel
Body_185.png,Body
Solar Panel_186.png,Solar Panel
Solar Panel_187.png,Solar Panel
Body_188.png,Body
Solar Panel_189.png,Solar Panel
Solar Panel_190.png,Solar Panel
Body_191.png,Body
Solar Panel_192.png,Solar Panel
Solar Panel_193.png,Solar Panel
Body_194.png,Body
Solar Panel_195.png,Solar Panel
Solar Panel_196.png,Solar Panel
Body_197.png,Body
Solar Panel_198.png,Solar Panel
Solar Panel_199.png,Solar Panel
Body_200.png,Body
Solar Panel_201.png,Solar Panel
Solar Panel_202.png,Solar Panel
Body_203.png,Body
Solar Panel_204.png,Solar Panel
Solar Panel_205.png,Solar Panel
Body_206.png,Body
Solar Panel_207.png,Solar Panel
Solar Panel_208.png,Solar Panel
Body_209.png,Body
Solar Panel_210.png,Solar Panel
Solar Panel_211.png,Solar Panel
Body_212.png,Body
Solar Panel_213.png,Solar Panel
Solar Panel_214.png,Solar Panel
Body_215.png,Body
Solar Panel_216.png,Solar Panel
Solar Panel_217.png,Solar Panel
Body_218.png,Body
Solar Panel_219.png,Solar Panel
Solar Panel_220.png,Solar Panel
Body_221.png,Body
Solar Panel_222.png,Solar Panel
Solar Panel_223.png,Solar Panel
Body_224.png,Body
Solar Panel_225.png,Solar Panel
Solar Panel_226.png,Solar Panel
Body_227.png,Body
Solar Panel_228.png,Solar Panel
Solar Panel_229.png,Solar Panel
Body_230.png,Body
Solar Panel_231.png,Solar Panel
Solar Panel_232.png,Solar Panel
Body_233.png,Body
Solar Panel_234.png,Solar Panel
Solar Panel_235.png,Solar Panel
Body_236.png,Body
Solar Panel_237.png,Solar Panel
Solar Panel_238.png,Solar Panel
Body_239.png,Body
Solar Panel_240.png,Solar Panel
Solar Panel_241.png,Solar Panel
Body_242.png,Body
Solar Panel_243.png,Solar Panel
Solar Panel_244.png,Solar Panel
Body_245.png,Body
Solar Panel_246.png,Solar Panel
Solar Panel_247.png,Solar Panel
Body_248.png,Body
Solar Panel_249.png,Solar Panel
Solar Panel_250.png,Solar Panel
Body_251.png,Body
Solar Panel_252.png,Solar Panel
Solar Panel_253.png,Solar Panel
Body_254.png,Body
Solar Panel_255.png,Solar Panel
Solar Panel_256.png,Solar Panel
Body_257.png,Body
Solar Panel_258.png,Solar Panel
Solar Panel_259.png,Solar Panel
Body_260.png,Body
Solar Panel_261.png,Solar Panel
Solar Panel_262.png,Solar Panel
Body_263.png,Body
Solar Panel_264.png,Solar Panel
Solar Panel_265.png,Solar Panel
Body_266.png,Body
Solar Panel_267.png,Solar Panel
Solar Panel_268.png,Solar Panel
Body_269.png,Body
Solar Panel_270.png,Solar Panel
Solar Panel_271.png,Solar Panel
Body_272.png,Body
Solar Panel_273.png,Solar Panel
Solar Panel_274.png,Solar Panel
Body_275.png,Body
Solar Panel_276.png,Solar Panel
Solar Panel_277.png,Solar Panel
Body_278.png,Body
Solar Panel_279.png,Solar Panel
Solar Panel_280.png,Solar Panel
Body_281.png,Body
Solar Panel_282.png,Solar Panel
Solar Panel_283.png,Solar Panel
Body_284.png,Body
Solar Panel_285.png,Solar Panel
Solar Panel_286.png,Solar Panel
Body_287.png,Body
Solar Panel_288.png,Solar Panel
Solar Panel_289.png,Solar Panel
Body_290.png,Body
Solar Panel_291.png,Solar Panel
Solar Panel_292.png,Solar Panel
Body_293.png,Body
Solar Panel_294.png,Solar Panel
Solar Panel_295.png,Solar Panel
Body_296.png,Body
Solar Panel_297.png,Solar Panel
Solar Panel_298.png,Solar Panel
Body_299.png,Body
Solar Panel_300.png,Solar Panel
Solar Panel_301.png,Solar Panel
Body_302.png,Body
Solar Panel_303.png,Solar Panel
Solar Panel_304.png,Solar Panel
Body_305.png,Body
Solar Panel_306.png,Solar Panel
Solar Panel_307.png,Solar Panel
Body_308.png,Body
Solar Panel_309.png,Solar Panel
Solar Panel_310.png,Solar Panel
Body_311.png,Body
Solar Panel_312.png,Solar Panel
Solar Panel_313.png,Solar Panel
Body_314.png,Body
Solar Panel_315.png,Solar Panel
Solar Panel_316.png,Solar Panel
Body_317.png,Body
Solar Panel_318.png,Solar Panel
Solar Panel_319.png,Solar Panel
Body_320.png,Body
Solar Panel_321.png,Solar Panel
Solar Panel_322.png,Solar Panel
Body_323.png,Body
Solar Panel_324.png,Solar Panel
Solar Panel_325.png,Solar Panel
Body_326.png,Body
Solar Panel_327.png,Solar Panel
Solar Panel_328.png,Solar Panel
Body_329.png,Body
Solar Panel_330.png,Solar Panel
Solar Panel_331.png,Solar Panel
Body_332.png,Body
Solar Panel_333.png,Solar Panel
Solar Panel_334.png,Solar Panel
Body_335.png,Body
Solar Panel_336.png,Solar Panel
Solar Panel_337.png,Solar Panel
Body_338.png,Body
Solar Panel_339.png,Solar Panel
Solar Panel_340.png,Solar Panel
Body_341.png,Body
Solar Panel_342.png,Solar Panel
Solar Panel_343.png,Solar Panel
Body_344.png,Body
Solar Panel_345.png,Solar Panel
Solar Panel_346.png,Solar Panel
Body_347.png,Body
Solar Panel_348.png,Solar Panel
Solar Panel_349.png,Solar Panel
Body_350.png,Body
Solar Panel_351.png,Solar Panel
Solar Panel_352.png,Solar Panel
Body_353.png,Body
Solar Panel_354.png,Solar Panel
Solar Panel_355.png,Solar Panel
Body_356.png,Body
Solar Panel_357.png,Solar Panel
Solar Panel_358.png,Solar Panel
Body_359.png,Body
Solar Panel_360.png,Solar Panel
Solar Panel_361.png,Solar Panel
Body_362.png,Body
Solar Panel_363.png,Solar Panel
Solar Panel_364.png,Solar Panel
Body_365.png,Body
Solar Panel_366.png,Solar Panel
Solar Panel_367.png,Solar Panel
Body_368.png,Body
Solar Panel_369.png,Solar Panel
Solar Panel_370.png,Solar Panel
Body_371.png,Body
Solar Panel_372.png,Solar Panel
Solar Panel_373.png,Solar Panel
Body_374.png,Body
Solar Panel_375.png,Solar Panel
Solar Panel_376.png,Solar Panel
Body_377.png,Body
Solar Panel_378.png,Solar Panel
Solar Panel_379.png,Solar Panel
Body_380.png,Body
Solar Panel_381.png,Solar Panel
Solar Panel_382.png,Solar Panel
Body_383.png,Body
Solar Panel_384.png,Solar Panel
Solar Panel_385.png,Solar Panel
Body_386.png,Body
Solar Panel_387.png,Solar Panel
Solar Panel_388.png,Solar Panel
Body_389.png,Body
Solar Panel_390.png,Solar Panel
Solar Panel_391.png,Solar Panel
Body_392.png,Body
Solar Panel_393.png,Solar Panel
Solar Panel_394.png,Solar Panel
Body_395.png,Body
Body_396.png,Body
Solar Panel_397.png,Solar Panel
Solar Panel_398.png,Solar Panel
Solar Panel_399.png,Solar Panel
Solar Panel_400.png,Solar Panel
Body_401.png,Body
Solar Panel_402.png,Solar Panel
Solar Panel_403.png,Solar Panel
Body_404.png,Body
Solar Panel_405.png,Solar Panel
Solar Panel_406.png,Solar Panel
Body_407.png,Body
Body_408.png,Body
Solar Panel_409.png,Solar Panel
Solar Panel_410.png,Solar Panel
Solar Panel_411.png,Solar Panel
Solar Panel_412.png,Solar Panel
Body_413.png,Body
Solar Panel_414.png,Solar Panel
Solar Panel_415.png,Solar Panel
Body_416.png,Body
Solar Panel_417.png,Solar Panel
Solar Panel_418.png,Solar Panel
Body_419.png,Body
Solar Panel_420.png,Solar Panel
Solar Panel_421.png,Solar Panel
Body_422.png,Body
Solar Panel_423.png,Solar Panel
Solar Panel_424.png,Solar Panel
Body_425.png,Body
Solar Panel_426.png,Solar Panel
Solar Panel_427.png,Solar Panel
Body_428.png,Body
Solar Panel_429.png,Solar Panel
Solar Panel_430.png,Solar Panel
Body_431.png,Body
Solar Panel_432.png,Solar Panel
Solar Panel_433.png,Solar Panel
Body_434.png,Body
Solar Panel_435.png,Solar Panel
Solar Panel_436.png,Solar Panel
Body_437.png,Body
Solar Panel_438.png,Solar Panel
Solar Panel_439.png,Solar Panel
Body_440.png,Body
Solar Panel_441.png,Solar Panel
Solar Panel_442.png,Solar Panel
Body_443.png,Body
Solar Panel_444.png,Solar Panel
Solar Panel_445.png,Solar Panel
Body_446.png,Body
Solar Panel_447.png,Solar Panel
Solar Panel_448.png,Solar Panel
Body_449.png,Body
Solar Panel_450.png,Solar Panel
Solar Panel_451.png,Solar Panel
Body_452.png,Body
Solar Panel_453.png,Solar Panel
Solar Panel_454.png,Solar Panel
Body_455.png,Body
Solar Panel_456.png,Solar Panel
Solar Panel_457.png,Solar Panel
Body_458.png,Body
Solar Panel_459.png,Solar Panel
Solar Panel_460.png,Solar Panel
Body_461.png,Body
Solar Panel_462.png,Solar Panel
Solar Panel_463.png,Solar Panel
Body_464.png,Body
Solar Panel_465.png,Solar Panel
Solar Panel_466.png,Solar Panel
Body_467.png,Body
Solar Panel_468.png,Solar Panel
Solar Panel_469.png,Solar Panel
Body_470.png,Body
Solar Panel_471.png,Solar Panel
Solar Panel_472.png,Solar Panel
Body_473.png,Body
Solar Panel_474.png,Solar Panel
Solar Panel_475.png,Solar Panel
Body_476.png,Body
Solar Panel_477.png,Solar Panel
Solar Panel_478.png,Solar Panel
Body_479.png,Body
Solar Panel_480.png,Solar Panel
Solar Panel_481.png,Solar Panel
Body_482.png,Body
Solar Panel_483.png,Solar Panel
Solar Panel_484.png,Solar Panel
Body_485.png,Body
Solar Panel_486.png,Solar Panel
Solar Panel_487.png,Solar Panel
Body_488.png,Body
Solar Panel_489.png,Solar Panel
Solar Panel_490.png,Solar Panel
Body_491.png,Body
Solar Panel_492.png,Solar Panel
Solar Panel_493.png,Solar Panel
Body_494.png,Body
Solar Panel_495.png,Solar Panel
Solar Panel_496.png,Solar Panel
Body_497.png,Body
Solar Panel_498.png,Solar Panel
Solar Panel_499.png,Solar Panel
Body_500.png,Body
Solar Panel_501.png,Solar Panel
Solar Panel_502.png,Solar Panel
Body_503.png,Body
Solar Panel_504.png,Solar Panel
Solar Panel_505.png,Solar Panel
Body_506.png,Body
Solar Panel_507.png,Solar Panel
Solar Panel_508.png,Solar Panel
Body_509.png,Body
Solar Panel_510.png,Solar Panel
Solar Panel_511.png,Solar Panel
Body_512.png,Body
Solar Panel_513.png,Solar Panel
Solar Panel_514.png,Solar Panel
Body_515.png,Body
Solar Panel_516.png,Solar Panel
Solar Panel_517.png,Solar Panel
Body_518.png,Body
Solar Panel_519.png,Solar Panel
Solar Panel_520.png,Solar Panel
Body_521.png,Body
Solar Panel_522.png,Solar Panel
Solar Panel_523.png,Solar Panel
Body_524.png,Body
Solar Panel_525.png,Solar Panel
Solar Panel_526.png,Solar Panel
Body_527.png,Body
Solar Panel_528.png,Solar Panel
Solar Panel_529.png,Solar Panel
Body_530.png,Body
Solar Panel_531.png,Solar Panel
Solar Panel_532.png,Solar Panel
Body_533.png,Body
Solar Panel_534.png,Solar Panel
Solar Panel_535.png,Solar Panel
Body_536.png,Body
Solar Panel_537.png,Solar Panel
Solar Panel_538.png,Solar Panel
Body_539.png,Body
Solar Panel_540.png,Solar Panel
Solar Panel_541.png,Solar Panel
Body_542.png,Body
Solar Panel_543.png,Solar Panel
Solar Panel_544.png,Solar Panel
Body_545.png,Body
Solar Panel_546.png,Solar Panel
Solar Panel_547.png,Solar Panel
Body_548.png,Body
Solar Panel_549.png,Solar Panel
Solar Panel_550.png,Solar Panel
Body_551.png,Body
Solar Panel_552.png,Solar Panel
Solar Panel_553.png,Solar Panel
Body_554.png,Body
Solar Panel_555.png,Solar Panel
Solar Panel_556.png,Solar Panel
Body_557.png,Body
Solar Panel_558.png,Solar Panel
Solar Panel_559.png,Solar Panel
Body_560.png,Body
Solar Panel_561.png,Solar Panel
Solar Panel_562.png,Solar Panel
Body_563.png,Body
Solar Panel_564.png,Solar Panel
Solar Panel_565.png,Solar Panel
Body_566.png,Body
Solar Panel_567.png,Solar Panel
Solar Panel_568.png,Solar Panel
Body_569.png,Body
Solar Panel_570.png,Solar Panel
Solar Panel_571.png,Solar Panel
Body_572.png,Body
Solar Panel_573.png,Solar Panel
Solar Panel_574.png,Solar Panel
Body_575.png,Body
Solar Panel_576.png,Solar Panel
Solar Panel_577.png,Solar Panel
Body_578.png,Body
Solar Panel_579.png,Solar Panel
Solar Panel_580.png,Solar Panel
Body_581.png,Body
Solar Panel_582.png,Solar Panel
Solar Panel_583.png,Solar Panel
Body_584.png,Body
Solar Panel_585.png,Solar Panel
Solar Panel_586.png,Solar Panel
Body_587.png,Body
Solar Panel_588.png,Solar Panel
Solar Panel_589.png,Solar Panel
Body_590.png,Body
Solar Panel_591.png,Solar Panel
Solar Panel_592.png,Solar Panel
Body_593.png,Body
Solar Panel_594.png,Solar Panel
Solar Panel_595.png,Solar Panel
Body_596.png,Body
Solar Panel_597.png,Solar Panel
Solar Panel_598.png,Solar Panel
Body_599.png,Body
Solar Panel_600.png,Solar Panel
Solar Panel_601.png,Solar Panel
Body_602.png,Body
Solar Panel_603.png,Solar Panel
Solar Panel_604.png,Solar Panel
Body_605.png,Body
Solar Panel_606.png,Solar Panel
Solar Panel_607.png,Solar Panel
Body_608.png,Body
Solar Panel_609.png,Solar Panel
Solar Panel_610.png,Solar Panel
Body_611.png,Body
Solar Panel_612.png,Solar Panel
Solar Panel_613.png,Solar Panel
Body_614.png,Body
Solar Panel_615.png,Solar Panel
Solar Panel_616.png,Solar Panel
Body_617.png,Body
Solar Panel_618.png,Solar Panel
Solar Panel_619.png,Solar Panel
Body_620.png,Body
Solar Panel_621.png,Solar Panel
Solar Panel_622.png,Solar Panel
Body_623.png,Body
Solar Panel_624.png,Solar Panel
Solar Panel_625.png,Solar Panel
Body_626.png,Body
Solar Panel_627.png,Solar Panel
Solar Panel_628.png,Solar Panel
Body_629.png,Body
Solar Panel_630.png,Solar Panel
Solar Panel_631.png,Solar Panel
Body_632.png,Body
Solar Panel_633.png,Solar Panel
Solar Panel_634.png,Solar Panel
Body_635.png,Body
Solar Panel_636.png,Solar Panel
Solar Panel_637.png,Solar Panel
Body_638.png,Body
Solar Panel_639.png,Solar Panel
Solar Panel_640.png,Solar Panel
Body_641.png,Body
Solar Panel_642.png,Solar Panel
Solar Panel_643.png,Solar Panel
Body_644.png,Body
Solar Panel_645.png,Solar Panel
Solar Panel_646.png,Solar Panel
Body_647.png,Body
Solar Panel_648.png,Solar Panel
Solar Panel_649.png,Solar Panel
Body_650.png,Body
Solar Panel_651.png,Solar Panel
Solar Panel_652.png,Solar Panel
Body_653.png,Body
Solar Panel_654.png,Solar Panel
Solar Panel_655.png,Solar Panel
Body_656.png,Body
Solar Panel_657.png,Solar Panel
Solar Panel_658.png,Solar Panel
Body_659.png,Body
Solar Panel_660.png,Solar Panel
Solar Panel_661.png,Solar Panel
Body_662.png,Body
Solar Panel_663.png,Solar Panel
Solar Panel_664.png,Solar Panel
Body_665.png,Body
Solar Panel_666.png,Solar Panel
Solar Panel_667.png,Solar Panel
Body_668.png,Body
Solar Panel_669.png,Solar Panel
Solar Panel_670.png,Solar Panel
Body_671.png,Body
Solar Panel_672.png,Solar Panel
Solar Panel_673.png,Solar Panel
Body_674.png,Body
Solar Panel_675.png,Solar Panel
Solar Panel_676.png,Solar Panel
Body_677.png,Body
Solar Panel_678.png,Solar Panel
Solar Panel_679.png,Solar Panel
Body_680.png,Body
Solar Panel_681.png,Solar Panel
Solar Panel_682.png,Solar Panel
Body_683.png,Body
Solar Panel_684.png,Solar Panel
Solar Panel_685.png,Solar Panel
Body_686.png,Body
Solar Panel_687.png,Solar Panel
Solar Panel_688.png,Solar Panel
Body_689.png,Body
Solar Panel_690.png,Solar Panel
Solar Panel_691.png,Solar Panel
Body_692.png,Body
Solar Panel_693.png,Solar Panel
Solar Panel_694.png,Solar Panel
Body_695.png,Body
Solar Panel_696.png,Solar Panel
Solar Panel_697.png,Solar Panel
Body_698.png,Body
Solar Panel_699.png,Solar Panel
Solar Panel_700.png,Solar Panel
Body_701.png,Body
Solar Panel_702.png,Solar Panel
Solar Panel_703.png,Solar Panel
Body_704.png,Body
Solar Panel_705.png,Solar Panel
Solar Panel_706.png,Solar Panel
Body_707.png,Body
Solar Panel_708.png,Solar Panel
Solar Panel_709.png,Solar Panel
Body_710.png,Body
Solar Panel_711.png,Solar Panel
Solar Panel_712.png,Solar Panel
Body_713.png,Body
Solar Panel_714.png,Solar Panel
Solar Panel_715.png,Solar Panel
Body_716.png,Body
Solar Panel_717.png,Solar Panel
Solar Panel_718.png,Solar Panel
Body_719.png,Body
Solar Panel_720.png,Solar Panel
Solar Panel_721.png,Solar Panel
Body_722.png,Body
Solar Panel_723.png,Solar Panel
Solar Panel_724.png,Solar Panel
Body_725.png,Body
Solar Panel_726.png,Solar Panel
Solar Panel_727.png,Solar Panel
Body_728.png,Body
Solar Panel_729.png,Solar Panel
Solar Panel_730.png,Solar Panel
Body_731.png,Body
Solar Panel_732.png,Solar Panel
Solar Panel_733.png,Solar Panel
Body_734.png,Body
Solar Panel_735.png,Solar Panel
Solar Panel_736.png,Solar Panel
Body_737.png,Body
Solar Panel_738.png,Solar Panel
Solar Panel_739.png,Solar Panel
Body_740.png,Body
Solar Panel_741.png,Solar Panel
Solar Panel_742.png,Solar Panel
Body_743.png,Body
Solar Panel_744.png,Solar Panel
Solar Panel_745.png,Solar Panel
Body_746.png,Body
Solar Panel_747.png,Solar Panel
Solar Panel_748.png,Solar Panel
Body_749.png,Body
Solar Panel_750.png,Solar Panel
Solar Panel_751.png,Solar Panel
Body_752.png,Body
Solar Panel_753.png,Solar Panel
Solar Panel_754.png,Solar Panel
Body_755.png,Body
Solar Panel_756.png,Solar Panel
Solar Panel_757.png,Solar Panel
Body_758.png,Body
Solar Panel_759.png,Solar Panel
Solar Panel_760.png,Solar Panel
Body_761.png,Body
Solar Panel_762.png,Solar Panel
Solar Panel_763.png,Solar Panel
Body_764.png,Body
Solar Panel_765.png,Solar Panel
Solar Panel_766.png,Solar Panel
Body_767.png,Body
Solar Panel_768.png,Solar Panel
Solar Panel_769.png,Solar Panel
Body_770.png,Body
Solar Panel_771.png,Solar Panel
Solar Panel_772.png,Solar Panel
Body_773.png,Body
Solar Panel_774.png,Solar Panel
Solar Panel_775.png,Solar Panel
Body_776.png,Body
Solar Panel_777.png,Solar Panel
Solar Panel_778.png,Solar Panel
Body_779.png,Body
Solar Panel_780.png,Solar Panel
Solar Panel_781.png,Solar Panel
Body_782.png,Body
Solar Panel_783.png,Solar Panel
Solar Panel_784.png,Solar Panel
Body_785.png,Body
Solar Panel_786.png,Solar Panel
Solar Panel_787.png,Solar Panel
Body_788.png,Body
Solar Panel_789.png,Solar Panel
Solar Panel_790.png,Solar Panel
Body_791.png,Body
Solar Panel_792.png,Solar Panel
Solar Panel_793.png,Solar Panel
Body_794.png,Body
Solar Panel_795.png,Solar Panel
Solar Panel_796.png,Solar Panel
Body_797.png,Body
Solar Panel_798.png,Solar Panel
Solar Panel_799.png,Solar Panel
Body_800.png,Body
Solar Panel_801.png,Solar Panel
Solar Panel_802.png,Solar Panel
Body_803.png,Body
Solar Panel_804.png,Solar Panel
Solar Panel_805.png,Solar Panel
Body_806.png,Body
Solar Panel_807.png,Solar Panel
Solar Panel_808.png,Solar Panel
Body_809.png,Body
Solar Panel_810.png,Solar Panel
Solar Panel_811.png,Solar Panel
Body_812.png,Body
Solar Panel_813.png,Solar Panel
Solar Panel_814.png,Solar Panel
Body_815.png,Body
Solar Panel_816.png,Solar Panel
Solar Panel_817.png,Solar Panel
Body_818.png,Body
Solar Panel_819.png,Solar Panel
Solar Panel_820.png,Solar Panel
Body_821.png,Body
Solar Panel_822.png,Solar Panel
Solar Panel_823.png,Solar Panel
Body_824.png,Body
Solar Panel_825.png,Solar Panel
Solar Panel_826.png,Solar Panel
Body_827.png,Body
Solar Panel_828.png,Solar Panel
Solar Panel_829.png,Solar Panel
Body_830.png,Body
Solar Panel_831.png,Solar Panel
Solar Panel_832.png,Solar Panel
Body_833.png,Body
Solar Panel_834.png,Solar Panel
Solar Panel_835.png,Solar Panel
Body_836.png,Body
Solar Panel_837.png,Solar Panel
Solar Panel_838.png,Solar Panel
Solar Panel_839.png,Solar Panel
Solar Panel_840.png,Solar Panel
Solar Panel_841.png,Solar Panel
Body_842.png,Body
Solar Panel_843.png,Solar Panel
Solar Panel_844.png,Solar Panel
Body_845.png,Body
Solar Panel_846.png,Solar Panel
Solar Panel_847.png,Solar Panel
Body_848.png,Body
Solar Panel_849.png,Solar Panel
Solar Panel_850.png,Solar Panel
Body_851.png,Body
Solar Panel_852.png,Solar Panel
Solar Panel_853.png,Solar Panel
Body_854.png,Body
Solar Panel_855.png,Solar Panel
Solar Panel_856.png,Solar Panel
Body_857.png,Body
Solar Panel_858.png,Solar Panel
Solar Panel_859.png,Solar Panel
Body_860.png,Body
Solar Panel_861.png,Solar Panel
Solar Panel_862.png,Solar Panel
Body_863.png,Body
Solar Panel_864.png,Solar Panel
Solar Panel_865.png,Solar Panel
Body_866.png,Body
Solar Panel_867.png,Solar Panel
Solar Panel_868.png,Solar Panel
Body_869.png,Body
Solar Panel_870.png,Solar Panel
Solar Panel_871.png,Solar Panel
Body_872.png,Body
Solar Panel_873.png,Solar Panel
Solar Panel_874.png,Solar Panel
Body_875.png,Body
Solar Panel_876.png,Solar Panel
Solar Panel_877.png,Solar Panel
Body_878.png,Body
Solar Panel_879.png,Solar Panel
Solar Panel_880.png,Solar Panel
Body_881.png,Body
Solar Panel_882.png,Solar Panel
Solar Panel_883.png,Solar Panel
Body_884.png,Body
Solar Panel_885.png,Solar Panel
Solar Panel_886.png,Solar Panel
Body_887.png,Body
Solar Panel_888.png,Solar Panel
Solar Panel_889.png,Solar Panel
Body_890.png,Body
Solar Panel_891.png,Solar Panel
Solar Panel_892.png,Solar Panel
Body_893.png,Body
Solar Panel_894.png,Solar Panel
Solar Panel_895.png,Solar Panel
Body_896.png,Body
Solar Panel_897.png,Solar Panel
Solar Panel_898.png,Solar Panel
Body_899.png,Body
Solar Panel_900.png,Solar Panel
Solar Panel_901.png,Solar Panel
Body_902.png,Body
Solar Panel_903.png,Solar Panel
Solar Panel_904.png,Solar Panel
Body_905.png,Body
Solar Panel_906.png,Solar Panel
Solar Panel_907.png,Solar Panel
Body_908.png,Body
Solar Panel_909.png,Solar Panel
Solar Panel_910.png,Solar Panel
Body_911.png,Body
Solar Panel_912.png,Solar Panel
Solar Panel_913.png,Solar Panel
Body_914.png,Body
Solar Panel_915.png,Solar Panel
Solar Panel_916.png,Solar Panel
Body_917.png,Body
Solar Panel_918.png,Solar Panel
Solar Panel_919.png,Solar Panel
Body_920.png,Body
Solar Panel_921.png,Solar Panel
Solar Panel_922.png,Solar Panel
Body_923.png,Body
Solar Panel_924.png,Solar Panel
Solar Panel_925.png,Solar Panel
Body_926.png,Body
Solar Panel_927.png,Solar Panel
Solar Panel_928.png,Solar Panel
Body_929.png,Body
Solar Panel_930.png,Solar Panel
Solar Panel_931.png,Solar Panel
Body_932.png,Body
Solar Panel_933.png,Solar Panel
Solar Panel_934.png,Solar Panel
Body_935.png,Body
Solar Panel_936.png,Solar Panel
Solar Panel_937.png,Solar Panel
Body_938.png,Body
Solar Panel_939.png,Solar Panel
Solar Panel_940.png,Solar Panel
Body_941.png,Body
Solar Panel_942.png,Solar Panel
Solar Panel_943.png,Solar Panel
Body_944.png,Body
Solar Panel_945.png,Solar Panel
Solar Panel_946.png,Solar Panel
Body_947.png,Body
Solar Panel_948.png,Solar Panel
Solar Panel_949.png,Solar Panel
Body_950.png,Body
Solar Panel_951.png,Solar Panel
Solar Panel_952.png,Solar Panel
Body_953.png,Body
Solar Panel_954.png,Solar Panel
Solar Panel_955.png,Solar Panel
Body_956.png,Body
Solar Panel_957.png,Solar Panel
Solar Panel_958.png,Solar Panel
Body_959.png,Body
Solar Panel_960.png,Solar Panel
Solar Panel_961.png,Solar Panel
Body_962.png,Body
Solar Panel_963.png,Solar Panel
Solar Panel_964.png,Solar Panel
Body_965.png,Body
Solar Panel_966.png,Solar Panel
Solar Panel_967.png,Solar Panel
Body_968.png,Body
Solar Panel_969.png,Solar Panel
Solar Panel_970.png,Solar Panel
Body_971.png,Body
Solar Panel_972.png,Solar Panel
Solar Panel_973.png,Solar Panel
Body_974.png,Body
Solar Panel_975.png,Solar Panel
Solar Panel_976.png,Solar Panel
Body_977.png,Body
Solar Panel_978.png,Solar Panel
Solar Panel_979.png,Solar Panel
Body_980.png,Body
Solar Panel_981.png,Solar Panel
Solar Panel_982.png,Solar Panel
Body_983.png,Body
Solar Panel_984.png,Solar Panel
Solar Panel_985.png,Solar Panel
Body_986.png,Body
Solar Panel_987.png,Solar Panel
Solar Panel_988.png,Solar Panel
Body_989.png,Body
Solar Panel_990.png,Solar Panel
Solar Panel_991.png,Solar Panel
Body_992.png,Body
Solar Panel_993.png,Solar Panel
Solar Panel_994.png,Solar Panel
Body_995.png,Body
Solar Panel_996.png,Solar Panel
Solar Panel_997.png,Solar Panel
Body_998.png,Body
Solar Panel_999.png,Solar Panel
Solar Panel_1000.png,Solar Panel
Body_1001.png,Body
Solar Panel_1002.png,Solar Panel
Solar Panel_1003.png,Solar Panel
Body_1004.png,Body
Solar Panel_1005.png,Solar Panel
Solar Panel_1006.png,Solar Panel
Body_1007.png,Body
Solar Panel_1008.png,Solar Panel
Solar Panel_1009.png,Solar Panel
Body_1010.png,Body
Solar Panel_1011.png,Solar Panel
Solar Panel_1012.png,Solar Panel
Body_1013.png,Body
Solar Panel_1014.png,Solar Panel
Solar Panel_1015.png,Solar Panel
Body_1016.png,Body
Solar Panel_1017.png,Solar Panel
Solar Panel_1018.png,Solar Panel
Body_1019.png,Body
Solar Panel_1020.png,Solar Panel
Solar Panel_1021.png,Solar Panel
Body_1022.png,Body
Solar Panel_1023.png,Solar Panel
Solar Panel_1024.png,Solar Panel
Body_1025.png,Body
Solar Panel_1026.png,Solar Panel
Solar Panel_1027.png,Solar Panel
Body_1028.png,Body
Solar Panel_1029.png,Solar Panel
Solar Panel_1030.png,Solar Panel
Body_1031.png,Body
Solar Panel_1032.png,Solar Panel
Solar Panel_1033.png,Solar Panel
Body_1034.png,Body
Solar Panel_1035.png,Solar Panel
Solar Panel_1036.png,Solar Panel
Body_1037.png,Body
Solar Panel_1038.png,Solar Panel
Solar Panel_1039.png,Solar Panel
Body_1040.png,Body
Solar Panel_1041.png,Solar Panel
Solar Panel_1042.png,Solar Panel
Body_1043.png,Body
Solar Panel_1044.png,Solar Panel
Solar Panel_1045.png,Solar Panel
Body_1046.png,Body
Solar Panel_1047.png,Solar Panel
Solar Panel_1048.png,Solar Panel
Body_1049.png,Body
Solar Panel_1050.png,Solar Panel
Solar Panel_1051.png,Solar Panel
Body_1052.png,Body
Solar Panel_1053.png,Solar Panel
Solar Panel_1054.png,Solar Panel
Body_1055.png,Body
Solar Panel_1056.png,Solar Panel
Solar Panel_1057.png,Solar Panel
Body_1058.png,Body
Solar Panel_1059.png,Solar Panel
Solar Panel_1060.png,Solar Panel
Body_1061.png,Body
Solar Panel_1062.png,Solar Panel
Solar Panel_1063.png,Solar Panel
Body_1064.png,Body
Solar Panel_1065.png,Solar Panel
Solar Panel_1066.png,Solar Panel
Body_1067.png,Body
Solar Panel_1068.png,Solar Panel
Solar Panel_1069.png,Solar Panel
Body_1070.png,Body
Solar Panel_1071.png,Solar Panel
Solar Panel_1072.png,Solar Panel
Body_1073.png,Body
Solar Panel_1074.png,Solar Panel
Solar Panel_1075.png,Solar Panel
Body_1076.png,Body
Solar Panel_1077.png,Solar Panel
Solar Panel_1078.png,Solar Panel
Body_1079.png,Body
Solar Panel_1080.png,Solar Panel
Solar Panel_1081.png,Solar Panel
Body_1082.png,Body
Solar Panel_1083.png,Solar Panel
Solar Panel_1084.png,Solar Panel
Body_1085.png,Body
Solar Panel_1086.png,Solar Panel
Solar Panel_1087.png,Solar Panel
Body_1088.png,Body
Solar Panel_1089.png,Solar Panel
Solar Panel_1090.png,Solar Panel
Body_1091.png,Body
Solar Panel_1092.png,Solar Panel
Solar Panel_1093.png,Solar Panel
Body_1094.png,Body
Solar Panel_1095.png,Solar Panel
Solar Panel_1096.png,Solar Panel
Body_1097.png,Body
Solar Panel_1098.png,Solar Panel
Solar Panel_1099.png,Solar Panel
Body_1100.png,Body
Solar Panel_1101.png,Solar Panel
Solar Panel_1102.png,Solar Panel
Body_1103.png,Body
Solar Panel_1104.png,Solar Panel
Solar Panel_1105.png,Solar Panel
Body_1106.png,Body
Solar Panel_1107.png,Solar Panel
Solar Panel_1108.png,Solar Panel
Body_1109.png,Body
Solar Panel_1110.png,Solar Panel
Solar Panel_1111.png,Solar Panel
Body_1112.png,Body
Solar Panel_1113.png,Solar Panel
Solar Panel_1114.png,Solar Panel
Body_1115.png,Body
Solar Panel_1116.png,Solar Panel
Solar Panel_1117.png,Solar Panel
Body_1118.png,Body
Solar Panel_1119.png,Solar Panel
Solar Panel_1120.png,Solar Panel
Body_1121.png,Body
Solar Panel_1122.png,Solar Panel
Solar Panel_1123.png,Solar Panel
Body_1124.png,Body
Solar Panel_1125.png,Solar Panel
Solar Panel_1126.png,Solar Panel
Body_1127.png,Body
Solar Panel_1128.png,Solar Panel
Solar Panel_1129.png,Solar Panel
Body_1130.png,Body
Solar Panel_1131.png,Solar Panel
Solar Panel_1132.png,Solar Panel
Body_1133.png,Body
Solar Panel_1134.png,Solar Panel
Solar Panel_1135.png,Solar Panel
Body_1136.png,Body
Solar Panel_1137.png,Solar Panel
Solar Panel_1138.png,Solar Panel
Body_1139.png,Body
Solar Panel_1140.png,Solar Panel
Solar Panel_1141.png,Solar Panel
Body_1142.png,Body
Solar Panel_1143.png,Solar Panel
Solar Panel_1144.png,Solar Panel
Body_1145.png,Body
Solar Panel_1146.png,Solar Panel
Solar Panel_1147.png,Solar Panel
Body_1148.png,Body
Solar Panel_1149.png,Solar Panel
Solar Panel_1150.png,Solar Panel
Body_1151.png,Body
Solar Panel_1152.png,Solar Panel
Solar Panel_1153.png,Solar Panel
Body_1154.png,Body
Solar Panel_1155.png,Solar Panel
Solar Panel_1156.png,Solar Panel
Body_1157.png,Body
Solar Panel_1158.png,Solar Panel
Solar Panel_1159.png,Solar Panel
Body_1160.png,Body
Solar Panel_1161.png,Solar Panel
Solar Panel_1162.png,Solar Panel
Body_1163.png,Body
Solar Panel_1164.png,Solar Panel
Solar Panel_1165.png,Solar Panel
Body_1166.png,Body
Solar Panel_1167.png,Solar Panel
Solar Panel_1168.png,Solar Panel
Body_1169.png,Body
Solar Panel_1170.png,Solar Panel
Solar Panel_1171.png,Solar Panel
Body_1172.png,Body
Solar Panel_1173.png,Solar Panel
Solar Panel_1174.png,Solar Panel
Body_1175.png,Body
Solar Panel_1176.png,Solar Panel
Solar Panel_1177.png,Solar Panel
Body_1178.png,Body
Solar Panel_1179.png,Solar Panel
Solar Panel_1180.png,Solar Panel
Body_1181.png,Body
Solar Panel_1182.png,Solar Panel
Solar Panel_1183.png,Solar Panel
Body_1184.png,Body
Solar Panel_1185.png,Solar Panel
Solar Panel_1186.png,Solar Panel
Body_1187.png,Body
Solar Panel_1188.png,Solar Panel
Solar Panel_1189.png,Solar Panel
Body_1190.png,Body
Solar Panel_1191.png,Solar Panel
Solar Panel_1192.png,Solar Panel
Body_1193.png,Body
Solar Panel_1194.png,Solar Panel
Solar Panel_1195.png,Solar Panel
Body_1196.png,Body
Solar Panel_1197.png,Solar Panel
Solar Panel_1198.png,Solar Panel
Body_1199.png,Body
Solar Panel_1200.png,Solar Panel
Solar Panel_1201.png,Solar Panel
Body_1202.png,Body
Solar Panel_1203.png,Solar Panel
Solar Panel_1204.png,Solar Panel
Body_1205.png,Body
Solar Panel_1206.png,Solar Panel
Solar Panel_1207.png,Solar Panel
Body_1208.png,Body
Solar Panel_1209.png,Solar Panel
Solar Panel_1210.png,Solar Panel
Body_1211.png,Body
Solar Panel_1212.png,Solar Panel
Solar Panel_1213.png,Solar Panel
Body_1214.png,Body
Solar Panel_1215.png,Solar Panel
Solar Panel_1216.png,Solar Panel
Body_1217.png,Body
Solar Panel_1218.png,Solar Panel
Solar Panel_1219.png,Solar Panel
Body_1220.png,Body
